insert into phongphim( sohang , socot ) 
               values(   11   ,  10   ),
                     (   10   ,  10   ),
                     (   11   ,  10   ),
                     (   17   ,  10  ),
                     (   10   ,  10   ),
                     (   14   ,  10   ),
                     (   15   ,  10   );
                     
insert into caphim(  ca_chieu  ,    tg_bd     ,    tg_kt   )
            values(     1      ,   '06:00'    ,   '08:00'  ),
                  (     2      ,   '08:00'    ,   '10:00'  ),
                  (     3      ,   '10:00'    ,   '12:00'  ),
                  (     4      ,   '12:00'    ,   '15:00'  ),
                  (     5      ,   '15:00'    ,   '17:00'  ),
                  (     6      ,   '17:00'    ,   '19:00'  ),
                  (     7      ,   '19:00'    ,   '21:00'  ),
                  (     8      ,   '21:00'    ,   '23:00'  );
                  
insert into phim(             tenphim             ,      theloai                            , thoigian , ngonngu,  rate  ,                   trailer                   ,       khoi_chieu        ,      bia                                            )
          values(           'Chạng vạng'          ,    '["Lãng mạn", "Viễn tưởng"]'         ,    117   ,  'TV'  , 'PG-13','https://www.youtube.com/watch?v=PQNLfo-SOR4',       '2021/09/20'      ,'https://m.media-amazon.com/images/I/517sUNdw0aL.jpg'),
                (       'Búp bê ký ức Violet'     , '["Drama", "Lãng mạn", "Hoạt hình"]'    ,    91    ,  'TV'  ,   'NR' ,'https://www.youtube.com/watch?v=xnCucvYmbzE',       '2021/09/25'      ,'https://www.letazzinediyoko.it/wp-content/uploads/Violet-Evergarden-locandina-le-tazzine-di-yoko.jpg'),
                (            'Hàm cá mập'         ,   '["Kinh dị", "Hồi hộp"]'              ,    91    ,  'TV'  ,   'NR' ,'https://www.youtube.com/watch?v=KpsQ1bCl43s',       '2021/10/08'      ,'https://www.sanity.com.au/media/Images/fullimage/642200/SDC_2632545_2021-16-6--22-00-01.jpg'),
                (        'Venom 2: Carnage'       ,   '["Hành động", "Viễn tưởng"]'         ,    97    ,  'TV'  , 'PG-13','https://www.youtube.com/watch?v=-ezfi6FQ8Ds',       '2021/10/12'      ,'https://www.elleman.vn/wp-content/uploads/2021/12/09/208040/review-phim-venom-let-there-be-carnage-elle-man-1.jpg'),
                (       'Ám Ảnh Kinh Hoàng'       ,   '["Kinh dị", "Hồi hộp"]'              ,    112   ,  'TV'  ,   'R'  ,'https://www.youtube.com/watch?v=h9Q4zZS2v1k',       '2021/10/27'      ,'https://www.cgv.vn/media/catalog/product/cache/1/image/c5f0a1eff4c394a251036189ccddaacd/c/o/conjuring-poster-mxqk_1_.jpg'),
                (   'Biệt đội báo thù: Hồi kết'   ,   '["Hành động", "Viễn tưởng"]'         ,    182   ,  'TV'  , 'PG-13','https://www.youtube.com/watch?v=KCSNFZKbhZE',       '2021/11/7'       ,'https://cdn.shopify.com/s/files/1/1057/4964/products/avengers-endgame-vintage-movie-poster-original-1-sheet-27x41.jpeg?v=1563829726'),
                (     'Thứ 6 ngày 13 phần 6'      , '["Kinh dị", "Hồi hộp", "Tâm lý"]'      ,    93    ,  'TV'  ,   'R'  ,'https://www.youtube.com/watch?v=NVsVKn-MS14',       '2021/11/21'      ,'http://images4.fanpop.com/image/photos/21200000/Friday-the-13th-friday-the-13th-21227355-1024-768.jpg'),
                (      'Khách sạn kỳ bí 4'        , '["Gia đình", "Hài hước", "Hoạt hình"]' ,    100   ,  'TV'  ,   'PG' ,'https://www.youtube.com/watch?v=r2uUlSZ4Bk0',       '2021/11/25'      ,'https://images.fanart.tv/fanart/hotel-transylvania-4-60f473fa51bb0.jpg'),
                (    'Người nhện: Không lối về'   , '["Hành động", "Viễn tưởng"]'           ,    160   ,  'TV'  , 'PG-13','https://www.youtube.com/watch?v=rt-2cxAiPJk',       '2021/12/17'      ,'https://ecdn.game4v.com/g4v-content/uploads/2021/12/27102553/doanh-thu-NWH-game4v-1640575552-13.jpg'),
                (       'Hình hài dấu yêu'        ,  '["Hồi hộp", "Tâm lý"]'                ,    112   ,  'TV'  , 'PG-13','https://www.youtube.com/watch?v=jvWXV-c2hWo',       '2021/12/31'      ,'https://i.imgur.com/DgG5y44.jpeg'),
                (          '50 sắc thái'          , '["Drama", "Lãng mạn", "Tâm lý"]'       ,    118   ,  'TV'  ,   'R'  ,'https://www.youtube.com/watch?v=SfZWFDs0LxA',       '2022/1/10'       ,'https://m.media-amazon.com/images/I/91YTgKEUWrL._AC_SL1500_.jpg'),
                (        'Căn phòng 1408'         ,    '["Kinh dị"]'                        ,    112   ,  'TV'  , 'PG-13','https://www.youtube.com/watch?v=WIASqPZqnhs',       '2022/1/15'       ,'https://i.pinimg.com/originals/72/58/8d/72588d33c2bc503e49d57f61186f5319.jpg'),
                (      'Bạch xà: Duyên Khởi'      , '["Kinh dị", "Thần thoại", "Hoạt hình"]',    116   ,  'TV'  ,   'PG' ,'https://www.youtube.com/watch?v=FCY7E0oHW6Y',       '2022/1/22'       ,'https://posterspy.com/wp-content/uploads/2020/03/white-snake-Poster-1500x2122.jpg'),
                (          'Hỏa ngục'             , '["Hành động", "Hồi hộp", "Viễn tưởng"]',    114   ,  'TV'  , 'PG-13','https://www.youtube.com/watch?v=dMyS3oYAaUw',       '2022/2/2'        ,'https://www.movieloversmontana.com/wp-content/uploads/2017/10/inferno-movie.jpg'),
                (          'Thợ săn cổ vật'       , '["Hành động", "Phiêu lưu"]'            ,    115   ,  'TV'  , 'PG-13','https://www.youtube.com/watch?v=eHp3MbsCbMg',       '2022/2/18'       ,'https://mir-s3-cdn-cf.behance.net/project_modules/2800_opt_1/675423112544139.6016c0d7e2465.jpg'),
                (      'King man: Khởi nguồn'     , '["Hài hước", "Hành động", "Phiêu lưu"]',    118   ,  'TV'  , 'PG-13','https://www.youtube.com/watch?v=5zdBG-iGfes',       '2022/2/20'       ,'https://media.vov.vn/sites/default/files/styles/large/public/2021-07/mv5bzge2mmq0ztetm2fjoc00ote1ltlmyjmtyjlkmzlln2rlotbixkeyxkfqcgdeqxvymteymjm2ndc2._v1_.jpg'),
                (   'Rồng và Công Chúa Tàn Nhang' ,       '["Hoạt hình"]'                   ,    116   ,  'TV'  ,  'NR'  ,'https://www.youtube.com/watch?v=Gj0jnrS3Dx8',       '2022/2/25'       ,'https://encrypted-tbn0.gstatic.com/images?q=tbn:ANd9GcSKBdhbIvnlEl5tAIF_tuCxwgxQCo22R2hK0zsWj6KxgS4n2AmyC1SOgs0Nus1nYan4o_Y&usqp=CAU'),
                (  'MINIONS: Sự trỗi dậy của Gru' ,       '["Hoạt hình", "Hài hước"]'       ,    113   ,  'TV'  ,  'NR'  ,'https://www.youtube.com/watch?v=54yAKyNkK7w',       '2022/3/1'        ,'https://movies.universalpictures.com/media/01-mrg-dm-mainstage-mobile-banner-1080x793-km-f01-031121-6050f69f04ec8-1.jpg'),
                (        'Spirit'                 ,       '["Hoạt hình"]'                   ,    110   ,  'TV'  ,  'NR'  ,'https://www.youtube.com/watch?v=9jG1nnQGpdI',       '2022/3/4'        ,'https://m.media-amazon.com/images/M/MV5BMDVlZTEwMTItNmE4Zi00ZGFhLWI4NjgtMDdiZTA5NDdmNWYyXkEyXkFqcGdeQXVyMTEyMjM2NDc2._V1_.jpg');

update phim 
       set ghichu = 'Khi sau nhiều khó khăn cách trở cuối cùng Bella và Edward cũng đến được với nhau bằng một đám cưới hạnh phúc nhưng rồi chuyện gì sẽ xảy ra sau đó',
           danhgia = 3
       where maphim = 1;
update phim 
       set ghichu = 'Câu chuyện kể về một cô gái từng là chiến binh vô cảm khiến nhiều người khiếp sợ nay lui về làm công việc truyền tải tâm tư của người khác qua những lá thư, gọi là “búp bê ký ức”. Liệu rằng cô ấy có tìm được cảm xúc cũng như tình yêu của mình không',
           danhgia = 4
       where maphim = 2;
update phim 
       set ghichu = 'Cuộc chiến giữa cảnh sát trưởng Brody, nhà hải dương học Matt Hooper với con “quỷ biển” - cá mập ăn thịt người',
           danhgia = 4
       where maphim = 3;
update phim 
       set ghichu = 'Sau khi đánh bại Riot khỏi âm mưu thôn tính địa cầu, Eddie và Venom sẽ phải làm gì để đối mặt với bản thể khác của bản thân “Carnage”',
		   danhgia = 3
       where maphim = 4;
update phim 
       set ghichu = 'Ed và Lorraine Warren trở lại với một trong những vụ án có thật rùng rợn nhất trong sự nghiệp của họ.Câu chuyện dựa trên vụ giết người ngoài đời thực của Arne Cheyenne Johnson vào năm 1981 đã khiến cho cả nước Mỹ phải chấn động vì sự ghê rợn cũng như sự kỳ lạ của vụ án.',
           danhgia = 4
       where maphim = 5;
update phim 
       set ghichu = 'Nối tiếp sau Infinity War, biệt đội báo thù đã thất bại trong việc bảo vệ hơn một nửa sinh linh trên toàn vũ trụ. Vậy họ đã làm gì để sửa chữa điều này.Đón xem cuộc chiến cuối cùng quyết định vận mệnh của cả vũ trụ',
           danhgia = 5
       where maphim = 6;
update phim 
       set ghichu = 'Trong một lần đến nghĩa địa, Tommy Jarvis vô tình hồi sinh con ác quỷ Jason Voorhees. Jason muốn trả thù và Tommy phải làm gì để thoát khỏi sự truy sát của nó đây.',
           danhgia = 5
       where maphim = 7;
update phim 
       set ghichu = 'Tiếp tục hành trình hài hước của phần 3, chuyện gì sẽ xảy ra nếu con người thành quái vật và quái vật thành con người',
           danhgia = 4
       where maphim = 8;
update phim 
       set ghichu = 'Sau khi bị lộ danh tính ở phần trước, Peter giờ phải làm gì để khi bị cả thế giới lên án oan',
           danhgia = 4
       where maphim = 9;
update phim 
       set ghichu = '"Tôi tên Susie, họ là Salmon, giống như tên một loại cá (cá hồi), năm 14 tuổi, tôi bị sát hại vào ngày 06 tháng 12 năm 1973, tôi đã đến trần gian một lúc rồi... sau đó tôi đã biến mất, tôi mong muốn tất cả các bạn sống thật lâu và hạnh phúc"',
           danhgia = 3
       where maphim = 10;
update phim 
       set ghichu = 'R nặng hơn và nóng hơn',
           danhgia = 3
       where maphim = 11;
update phim 
       set ghichu = 'Tiểu thuyết gia và căn phóng địa ngục, ai sẽ là người chiến thắng ?',
           danhgia = 3
       where maphim = 12;
update phim 
       set ghichu = '"Chàng là người, thiếp là yêu. Hai ta từ khi sinh ra đã chẳng thể có được hành phúc bên nhau".',
           danhgia = 4
       where maphim = 13;
update phim
       set ghichu = 'Robert Langdon thức dậy trong một bệnh viện tại Florence, Ý, không nhớ chuyện gì đã xảy ra trong vài ngày trước. Ông nhận ra mình đang là mục tiêu của một cuộc truy sát. Với sự trợ giúp của bác sĩ Sienna Brooks, Langdon buộc phải tìm lại ký ức để giải một câu đố phức tạp nhất mà ông từng chạm trán.',
           danhgia = 3
       where maphim = 14;
update phim 
       set ghichu = 'Thợ Săn Cổ Vật xoay quanh nhân vật chính là chàng trai trẻ yêu phiêu lưu mạo hiểm Nathan Drake (Tom Holland). Với sự trợ giúp của huấn luyện viên Victor Sullivan (Mark Wahlberg), Nathan dấn thân vào cuộc hành trình khám phá những di tích cổ xưa, sử dụng vũ khí và kỹ năng leo trèo để đối phó với kẻ thù và những cạm bẫy trên hành trình. ',
           danhgia = 4
	   where maphim = 15;
update phim 
	   set ghichu = 'Tiếp tục là những nhiệm vụ tưởng chừng như bất khả thi nhằm giải cứu nhân loại của tổ chức mật vụ nổi tiếng bậc nhất màn ảnh rộng. Đặc biệt lần này, đối thủ của họ gồm một nhóm người được coi là những kẻ khủng bố và tàn bạo hàng đầu. Cùng chờ xem liệu cuộc chiến lần này sẽ diễn ra như thế nào?',
           danhgia = 4
       where maphim = 16;
update phim 
	   set ghichu = 'Suzu là một cô bé 17 tuổi sống cùng cha tại phần ngoại ô hẻo lánh ở tỉnh Kōchi. Cô thích ca hát nhưng phải tạm gác lại niềm đam mê sau khi người mẹ qua đời, cũng vì thế mà mối quan hệ giữa cha cô và cô càng xa cách. Khi Suzu trở nên tách biệt với thế giới xung quanh và chỉ còn âm nhạc là mục đích sống duy nhất của cô, cô đã được mời đến một thế giới ảo mang tên "U" với 5 tỷ người dùng. Tại nơi đây, Suzu đã bắt đầu cuộc sống mới dưới thân phận "Belle" và mang tiếng hát đến toàn thế giới. Cho đến khi một sinh vật huyền bí xuất hiện và làm đảo lộn cuộc sống của cô...',
           danhgia = 4
       where maphim = 17;
update phim 
	   set ghichu = 'Sự trở lại của các minion nhưng là khi Gru còn nhỏ ???',
           danhgia = 4
       where maphim = 18;
update phim 
	   set ghichu = 'Chuyến phiêu lưu hoang đường về một cô bé cứng đầu, rắn rỏi luôn mong mỏi một nơi chốn thực sự để thuộc về. Hành trình cuộc đời cô đã vô tình giao nhau với một chú ngựa hoang, khiến cô khám phá ra một linh hồn đẹp đẽ.',
           danhgia = 4
       where maphim = 19;
       
insert into lichphim( maphim , maphongphim ,       ca_chieu       ,       ngayxem    )
        	  values(   1    ,    1        ,          1           ,    '2022/1/15'   ), 
                    (   2    ,    1        ,          2           ,    '2022/1/15'   ),
                    (   3    ,    1        ,          3           ,    '2022/1/15'   ),
                    (   4    ,    2        ,          1           ,    '2022/1/15'   ),
                    (   5    ,    2        ,          2           ,    '2022/1/15'   ),
                    (   6    ,    2        ,          3           ,    '2022/1/15'   ),
                    (   7    ,    3        ,          1           ,    '2022/1/15'   ),
                    (   8    ,    3        ,          2           ,    '2022/1/15'   ),
                    (   9    ,    4        ,          1           ,    '2022/1/15'   ),
                    (   9    ,    4        ,          3           ,    '2022/1/15'   ),
                    (   9    ,    4        ,          5           ,    '2022/1/15'   ),
                    (   9    ,    4        ,          7           ,    '2022/1/15'   ),
                    (   10   ,    5        ,          5           ,    '2022/1/15'   ),
                    (   10   ,    5        ,          6           ,    '2022/1/15'   ),
                    (   11   ,    6        ,          5           ,    '2022/1/15'   ),
                    (   11   ,    6        ,          6           ,    '2022/1/15'   ),
                    (   12   ,    7        ,          6           ,    '2022/1/15'   ),
                    (   12   ,    7        ,          7           ,    '2022/1/15'   ),
                    
                    (   1    ,    1        ,          1           ,    '2022/1/16'   ), 
                    (   2    ,    1        ,          2           ,    '2022/1/16'   ),
                    (   3    ,    1        ,          3           ,    '2022/1/16'   ),
                    (   4    ,    2        ,          1           ,    '2022/1/16'   ),
                    (   5    ,    2        ,          2           ,    '2022/1/16'   ),
                    (   6    ,    2        ,          3           ,    '2022/1/16'   ),
                    (   7    ,    3        ,          1           ,    '2022/1/16'   ),
                    (   8    ,    3        ,          2           ,    '2022/1/16'   ),
                    (   9    ,    4        ,          1           ,    '2022/1/16'   ),
                    (   9    ,    4        ,          3           ,    '2022/1/16'   ),
                    (   9    ,    4        ,          5           ,    '2022/1/16'   ),
                    (   9    ,    4        ,          7           ,    '2022/1/16'   ),
                    (   10   ,    5        ,          5           ,    '2022/1/16'   ),
                    (   10   ,    5        ,          6           ,    '2022/1/16'   ),
                    (   11   ,    6        ,          5           ,    '2022/1/16'   ),
                    (   11   ,    6        ,          6           ,    '2022/1/16'   ),
                    (   12   ,    7        ,          6           ,    '2022/1/16'   ),
                    (   12   ,    7        ,          7           ,    '2022/1/16'   ),

                    (   1    ,    1        ,          1           ,    '2022/1/17'   ), 
                    (   2    ,    1        ,          2           ,    '2022/1/17'   ),
                    (   3    ,    1        ,          3           ,    '2022/1/17'   ),
                    (   4    ,    2        ,          1           ,    '2022/1/17'   ),
                    (   5    ,    2        ,          2           ,    '2022/1/17'   ),
                    (   6    ,    2        ,          3           ,    '2022/1/17'   ),
                    (   7    ,    3        ,          1           ,    '2022/1/17'   ),
                    (   8    ,    3        ,          2           ,    '2022/1/17'   ),
                    (   9    ,    4        ,          1           ,    '2022/1/17'   ),
                    (   9    ,    4        ,          3           ,    '2022/1/17'   ),
                    (   9    ,    4        ,          5           ,    '2022/1/17'   ),
                    (   9    ,    4        ,          7           ,    '2022/1/17'   ),
                    (   10   ,    5        ,          5           ,    '2022/1/17'   ),
                    (   10   ,    5        ,          6           ,    '2022/1/17'   ),
                    (   11   ,    6        ,          5           ,    '2022/1/17'   ),
                    (   11   ,    6        ,          6           ,    '2022/1/17'   ),
                    (   12   ,    7        ,          6           ,    '2022/1/17'   ),
                    (   12   ,    7        ,          7           ,    '2022/1/17'   ),
                    
                    (   1    ,    1        ,          1           ,    '2022/1/18'   ), 
                    (   2    ,    1        ,          2           ,    '2022/1/18'   ),
                    (   3    ,    1        ,          3           ,    '2022/1/18'   ),
                    (   4    ,    2        ,          1           ,    '2022/1/18'   ),
                    (   5    ,    2        ,          2           ,    '2022/1/18'   ),
                    (   6    ,    2        ,          3           ,    '2022/1/18'   ),
                    (   7    ,    3        ,          1           ,    '2022/1/18'   ),
                    (   8    ,    3        ,          2           ,    '2022/1/18'   ),
                    (   9    ,    4        ,          1           ,    '2022/1/18'   ),
                    (   9    ,    4        ,          3           ,    '2022/1/18'   ),
                    (   9    ,    4        ,          5           ,    '2022/1/18'   ),
                    (   9    ,    4        ,          7           ,    '2022/1/18'   ),
                    (   10   ,    5        ,          5           ,    '2022/1/18'   ),
                    (   10   ,    5        ,          6           ,    '2022/1/18'   ),
                    (   11   ,    6        ,          5           ,    '2022/1/18'   ),
                    (   11   ,    6        ,          6           ,    '2022/1/18'   ),
                    (   12   ,    7        ,          6           ,    '2022/1/18'   ),
                    (   12   ,    7        ,          7           ,    '2022/1/18'   ),

                    (   1    ,    1        ,          1           ,    '2022/1/19'   ), 
                    (   2    ,    1        ,          2           ,    '2022/1/19'   ),
                    (   3    ,    1        ,          3           ,    '2022/1/19'   ),
                    (   4    ,    2        ,          1           ,    '2022/1/19'   ),
                    (   5    ,    2        ,          2           ,    '2022/1/19'   ),
                    (   6    ,    2        ,          3           ,    '2022/1/19'   ),
                    (   7    ,    3        ,          1           ,    '2022/1/19'   ),
                    (   8    ,    3        ,          2           ,    '2022/1/19'   ),
                    (   9    ,    4        ,          1           ,    '2022/1/19'   ),
                    (   9    ,    4        ,          3           ,    '2022/1/19'   ),
                    (   9    ,    4        ,          5           ,    '2022/1/19'   ),
                    (   9    ,    4        ,          7           ,    '2022/1/19'   ),
                    (   10   ,    5        ,          5           ,    '2022/1/19'   ),
                    (   10   ,    5        ,          6           ,    '2022/1/19'   ),
                    (   11   ,    6        ,          5           ,    '2022/1/19'   ),
                    (   11   ,    6        ,          6           ,    '2022/1/19'   ),
                    (   12   ,    7        ,          6           ,    '2022/1/19'   ),
                    (   12   ,    7        ,          7           ,    '2022/1/19'   ),

                    (   1    ,    1        ,          1           ,    '2022/1/20'   ), 
                    (   2    ,    1        ,          2           ,    '2022/1/20'   ),
                    (   3    ,    1        ,          3           ,    '2022/1/20'   ),
                    (   4    ,    2        ,          1           ,    '2022/1/20'   ),
                    (   5    ,    2        ,          2           ,    '2022/1/20'   ),
                    (   6    ,    2        ,          3           ,    '2022/1/20'   ),
                    (   7    ,    3        ,          1           ,    '2022/1/20'   ),
                    (   8    ,    3        ,          2           ,    '2022/1/20'   ),
                    (   9    ,    4        ,          1           ,    '2022/1/20'   ),
                    (   9    ,    4        ,          3           ,    '2022/1/20'   ),
                    (   9    ,    4        ,          5           ,    '2022/1/20'   ),
                    (   9    ,    4        ,          7           ,    '2022/1/20'   ),
                    (   10   ,    5        ,          5           ,    '2022/1/20'   ),
                    (   10   ,    5        ,          6           ,    '2022/1/20'   ),
                    (   11   ,    6        ,          5           ,    '2022/1/20'   ),
                    (   11   ,    6        ,          6           ,    '2022/1/20'   ),
                    (   12   ,    7        ,          6           ,    '2022/1/20'   ),
                    (   12   ,    7        ,          7           ,    '2022/1/20'   ),

                    (   1    ,    1        ,          1           ,    '2022/1/21'   ), 
                    (   2    ,    1        ,          2           ,    '2022/1/21'   ),
                    (   3    ,    1        ,          3           ,    '2022/1/21'   ),
                    (   4    ,    2        ,          1           ,    '2022/1/21'   ),
                    (   5    ,    2        ,          2           ,    '2022/1/21'   ),
                    (   6    ,    2        ,          3           ,    '2022/1/21'   ),
                    (   7    ,    3        ,          1           ,    '2022/1/21'   ),
                    (   8    ,    3        ,          2           ,    '2022/1/21'   ),
                    (   9    ,    4        ,          1           ,    '2022/1/21'   ),
                    (   9    ,    4        ,          3           ,    '2022/1/21'   ),
                    (   9    ,    4        ,          5           ,    '2022/1/21'   ),
                    (   9    ,    4        ,          7           ,    '2022/1/21'   ),
                    (   10   ,    5        ,          5           ,    '2022/1/21'   ),
                    (   10   ,    5        ,          6           ,    '2022/1/21'   ),
                    (   11   ,    6        ,          5           ,    '2022/1/21'   ),
                    (   11   ,    6        ,          6           ,    '2022/1/21'   ),
                    (   12   ,    7        ,          6           ,    '2022/1/21'   ),
                    (   12   ,    7        ,          7           ,    '2022/1/21'   ),

                    (   1    ,    1        ,          1           ,    '2022/1/22'   ), 
                    (   2    ,    1        ,          2           ,    '2022/1/22'   ),
                    (   3    ,    1        ,          3           ,    '2022/1/22'   ),
                    (   4    ,    2        ,          1           ,    '2022/1/22'   ),
                    (   5    ,    2        ,          2           ,    '2022/1/22'   ),
                    (   6    ,    2        ,          3           ,    '2022/1/22'   ),
                    (   7    ,    3        ,          1           ,    '2022/1/22'   ),
                    (   8    ,    3        ,          2           ,    '2022/1/22'   ),
                    (   9    ,    4        ,          1           ,    '2022/1/22'   ),
                    (   9    ,    4        ,          3           ,    '2022/1/22'   ),
                    (   9    ,    4        ,          5           ,    '2022/1/22'   ),
                    (   9    ,    4        ,          7           ,    '2022/1/22'   ),
                    (   10   ,    5        ,          5           ,    '2022/1/22'   ),
                    (   10   ,    5        ,          6           ,    '2022/1/22'   ),
                    (   11   ,    6        ,          5           ,    '2022/1/22'   ),
                    (   11   ,    6        ,          6           ,    '2022/1/22'   ),
                    (   12   ,    7        ,          6           ,    '2022/1/22'   ),
                    (   12   ,    7        ,          7           ,    '2022/1/22'   ),
                    (   13   ,    1        ,          5           ,    '2022/1/22'   ),
                    (   13   ,    1        ,          6           ,    '2022/1/22'   ),
                    (   13   ,    2        ,          5           ,    '2022/1/22'   ),

                    (   1    ,    1        ,          1           ,    '2022/1/23'   ), 
                    (   2    ,    1        ,          2           ,    '2022/1/23'   ),
                    (   3    ,    1        ,          3           ,    '2022/1/23'   ),
                    (   4    ,    2        ,          1           ,    '2022/1/23'   ),
                    (   5    ,    2        ,          2           ,    '2022/1/23'   ),
                    (   6    ,    2        ,          3           ,    '2022/1/23'   ),
                    (   7    ,    3        ,          1           ,    '2022/1/23'   ),
                    (   8    ,    3        ,          2           ,    '2022/1/23'   ),
                    (   9    ,    4        ,          1           ,    '2022/1/23'   ),
                    (   9    ,    4        ,          3           ,    '2022/1/23'   ),
                    (   9    ,    4        ,          5           ,    '2022/1/23'   ),
                    (   9    ,    4        ,          7           ,    '2022/1/23'   ),
                    (   10   ,    5        ,          5           ,    '2022/1/23'   ),
                    (   10   ,    5        ,          6           ,    '2022/1/23'   ),
                    (   11   ,    6        ,          5           ,    '2022/1/23'   ),
                    (   11   ,    6        ,          6           ,    '2022/1/23'   ),
                    (   12   ,    7        ,          6           ,    '2022/1/23'   ),
                    (   12   ,    7        ,          7           ,    '2022/1/23'   ),
                    (   13   ,    1        ,          5           ,    '2022/1/23'   ),
                    (   13   ,    1        ,          6           ,    '2022/1/23'   ),
                    (   13   ,    2        ,          5           ,    '2022/1/23'   ),

                    (   1    ,    1        ,          1           ,    '2022/1/24'   ), 
                    (   2    ,    1        ,          2           ,    '2022/1/24'   ),
                    (   3    ,    1        ,          3           ,    '2022/1/24'   ),
                    (   4    ,    2        ,          1           ,    '2022/1/24'   ),
                    (   5    ,    2        ,          2           ,    '2022/1/24'   ),
                    (   6    ,    2        ,          3           ,    '2022/1/24'   ),
                    (   7    ,    3        ,          1           ,    '2022/1/24'   ),
                    (   8    ,    3        ,          2           ,    '2022/1/24'   ),
                    (   9    ,    4        ,          1           ,    '2022/1/24'   ),
                    (   9    ,    4        ,          3           ,    '2022/1/24'   ),
                    (   9    ,    4        ,          5           ,    '2022/1/24'   ),
                    (   9    ,    4        ,          7           ,    '2022/1/24'   ),
                    (   10   ,    5        ,          5           ,    '2022/1/24'   ),
                    (   10   ,    5        ,          6           ,    '2022/1/24'   ),
                    (   11   ,    6        ,          5           ,    '2022/1/24'   ),
                    (   11   ,    6        ,          6           ,    '2022/1/24'   ),
                    (   12   ,    7        ,          6           ,    '2022/1/24'   ),
                    (   12   ,    7        ,          7           ,    '2022/1/24'   ),
                    (   13   ,    1        ,          5           ,    '2022/1/24'   ),
                    (   13   ,    1        ,          6           ,    '2022/1/24'   ),
                    (   13   ,    2        ,          5           ,    '2022/1/24'   ),

                    (   1    ,    1        ,          1           ,    '2022/1/25'   ), 
                    (   2    ,    1        ,          2           ,    '2022/1/25'   ),
                    (   3    ,    1        ,          3           ,    '2022/1/25'   ),
                    (   4    ,    2        ,          1           ,    '2022/1/25'   ),
                    (   5    ,    2        ,          2           ,    '2022/1/25'   ),
                    (   6    ,    2        ,          3           ,    '2022/1/25'   ),
                    (   7    ,    3        ,          1           ,    '2022/1/25'   ),
                    (   8    ,    3        ,          2           ,    '2022/1/25'   ),
                    (   9    ,    4        ,          1           ,    '2022/1/25'   ),
                    (   9    ,    4        ,          3           ,    '2022/1/25'   ),
                    (   9    ,    4        ,          5           ,    '2022/1/25'   ),
                    (   9    ,    4        ,          7           ,    '2022/1/25'   ),
                    (   10   ,    5        ,          5           ,    '2022/1/25'   ),
                    (   10   ,    5        ,          6           ,    '2022/1/25'   ),
                    (   11   ,    6        ,          5           ,    '2022/1/25'   ),
                    (   11   ,    6        ,          6           ,    '2022/1/25'   ),
                    (   12   ,    7        ,          6           ,    '2022/1/25'   ),
                    (   12   ,    7        ,          7           ,    '2022/1/25'   ),
                    (   13   ,    1        ,          5           ,    '2022/1/25'   ),
                    (   13   ,    1        ,          6           ,    '2022/1/25'   ),
                    (   13   ,    2        ,          5           ,    '2022/1/25'   ),

                    (   1    ,    1        ,          1           ,    '2022/1/26'   ), 
                    (   2    ,    1        ,          2           ,    '2022/1/26'   ),
                    (   3    ,    1        ,          3           ,    '2022/1/26'   ),
                    (   4    ,    2        ,          1           ,    '2022/1/26'   ),
                    (   5    ,    2        ,          2           ,    '2022/1/26'   ),
                    (   6    ,    2        ,          3           ,    '2022/1/26'   ),
                    (   7    ,    3        ,          1           ,    '2022/1/26'   ),
                    (   8    ,    3        ,          2           ,    '2022/1/26'   ),
                    (   9    ,    4        ,          1           ,    '2022/1/26'   ),
                    (   9    ,    4        ,          3           ,    '2022/1/26'   ),
                    (   9    ,    4        ,          5           ,    '2022/1/26'   ),
                    (   9    ,    4        ,          7           ,    '2022/1/26'   ),
                    (   10   ,    5        ,          5           ,    '2022/1/26'   ),
                    (   10   ,    5        ,          6           ,    '2022/1/26'   ),
                    (   11   ,    6        ,          5           ,    '2022/1/26'   ),
                    (   11   ,    6        ,          6           ,    '2022/1/26'   ),
                    (   12   ,    7        ,          6           ,    '2022/1/26'   ),
                    (   12   ,    7        ,          7           ,    '2022/1/26'   ),
                    (   13   ,    1        ,          5           ,    '2022/1/26'   ),
                    (   13   ,    1        ,          6           ,    '2022/1/26'   ),
                    (   13   ,    2        ,          5           ,    '2022/1/26'   ),

                    (   1    ,    1        ,          1           ,    '2022/1/27'   ), 
                    (   2    ,    1        ,          2           ,    '2022/1/27'   ),
                    (   3    ,    1        ,          3           ,    '2022/1/27'   ),
                    (   4    ,    2        ,          1           ,    '2022/1/27'   ),
                    (   5    ,    2        ,          2           ,    '2022/1/27'   ),
                    (   6    ,    2        ,          3           ,    '2022/1/27'   ),
                    (   7    ,    3        ,          1           ,    '2022/1/27'   ),
                    (   8    ,    3        ,          2           ,    '2022/1/27'   ),
                    (   9    ,    4        ,          1           ,    '2022/1/27'   ),
                    (   9    ,    4        ,          3           ,    '2022/1/27'   ),
                    (   9    ,    4        ,          5           ,    '2022/1/27'   ),
                    (   9    ,    4        ,          7           ,    '2022/1/27'   ),
                    (   10   ,    5        ,          5           ,    '2022/1/27'   ),
                    (   10   ,    5        ,          6           ,    '2022/1/27'   ),
                    (   11   ,    6        ,          5           ,    '2022/1/27'   ),
                    (   11   ,    6        ,          6           ,    '2022/1/27'   ),
                    (   12   ,    7        ,          6           ,    '2022/1/27'   ),
                    (   12   ,    7        ,          7           ,    '2022/1/27'   ),
                    (   13   ,    1        ,          5           ,    '2022/1/27'   ),
                    (   13   ,    1        ,          6           ,    '2022/1/27'   ),
                    (   13   ,    2        ,          5           ,    '2022/1/27'   ),

                    (   1    ,    1        ,          1           ,    '2022/1/28'   ), 
                    (   2    ,    1        ,          2           ,    '2022/1/28'   ),
                    (   3    ,    1        ,          3           ,    '2022/1/28'   ),
                    (   4    ,    2        ,          1           ,    '2022/1/28'   ),
                    (   5    ,    2        ,          2           ,    '2022/1/28'   ),
                    (   6    ,    2        ,          3           ,    '2022/1/28'   ),
                    (   7    ,    3        ,          1           ,    '2022/1/28'   ),
                    (   8    ,    3        ,          2           ,    '2022/1/28'   ),
                    (   9    ,    4        ,          1           ,    '2022/1/28'   ),
                    (   9    ,    4        ,          3           ,    '2022/1/28'   ),
                    (   9    ,    4        ,          5           ,    '2022/1/28'   ),
                    (   9    ,    4        ,          7           ,    '2022/1/28'   ),
                    (   10   ,    5        ,          5           ,    '2022/1/28'   ),
                    (   10   ,    5        ,          6           ,    '2022/1/28'   ),
                    (   11   ,    6        ,          5           ,    '2022/1/28'   ),
                    (   11   ,    6        ,          6           ,    '2022/1/28'   ),
                    (   12   ,    7        ,          6           ,    '2022/1/28'   ),
                    (   12   ,    7        ,          7           ,    '2022/1/28'   ),
                    (   13   ,    1        ,          5           ,    '2022/1/28'   ),
                    (   13   ,    1        ,          6           ,    '2022/1/28'   ),
                    (   13   ,    2        ,          5           ,    '2022/1/28'   ),

                    (   1    ,    1        ,          1           ,    '2022/1/29'   ), 
                    (   2    ,    1        ,          2           ,    '2022/1/29'   ),
                    (   3    ,    1        ,          3           ,    '2022/1/29'   ),
                    (   4    ,    2        ,          1           ,    '2022/1/29'   ),
                    (   5    ,    2        ,          2           ,    '2022/1/29'   ),
                    (   6    ,    2        ,          3           ,    '2022/1/29'   ),
                    (   7    ,    3        ,          1           ,    '2022/1/29'   ),
                    (   8    ,    3        ,          2           ,    '2022/1/29'   ),
                    (   9    ,    4        ,          1           ,    '2022/1/29'   ),
                    (   9    ,    4        ,          3           ,    '2022/1/29'   ),
                    (   9    ,    4        ,          5           ,    '2022/1/29'   ),
                    (   9    ,    4        ,          7           ,    '2022/1/29'   ),
                    (   10   ,    5        ,          5           ,    '2022/1/29'   ),
                    (   10   ,    5        ,          6           ,    '2022/1/29'   ),
                    (   11   ,    6        ,          5           ,    '2022/1/29'   ),
                    (   11   ,    6        ,          6           ,    '2022/1/29'   ),
                    (   12   ,    7        ,          6           ,    '2022/1/29'   ),
                    (   12   ,    7        ,          7           ,    '2022/1/29'   ),
                    (   13   ,    1        ,          5           ,    '2022/1/29'   ),
                    (   13   ,    1        ,          6           ,    '2022/1/29'   ),
                    (   13   ,    2        ,          5           ,    '2022/1/29'   ),

                    (   1    ,    1        ,          1           ,    '2022/1/30'   ), 
                    (   2    ,    1        ,          2           ,    '2022/1/30'   ),
                    (   3    ,    1        ,          3           ,    '2022/1/30'   ),
                    (   4    ,    2        ,          1           ,    '2022/1/30'   ),
                    (   5    ,    2        ,          2           ,    '2022/1/30'   ),
                    (   6    ,    2        ,          3           ,    '2022/1/30'   ),
                    (   7    ,    3        ,          1           ,    '2022/1/30'   ),
                    (   8    ,    3        ,          2           ,    '2022/1/30'   ),
                    (   9    ,    4        ,          1           ,    '2022/1/30'   ),
                    (   9    ,    4        ,          3           ,    '2022/1/30'   ),
                    (   9    ,    4        ,          5           ,    '2022/1/30'   ),
                    (   9    ,    4        ,          7           ,    '2022/1/30'   ),
                    (   10   ,    5        ,          5           ,    '2022/1/30'   ),
                    (   10   ,    5        ,          6           ,    '2022/1/30'   ),
                    (   11   ,    6        ,          5           ,    '2022/1/30'   ),
                    (   11   ,    6        ,          6           ,    '2022/1/30'   ),
                    (   12   ,    7        ,          6           ,    '2022/1/30'   ),
                    (   12   ,    7        ,          7           ,    '2022/1/30'   ),
                    (   13   ,    1        ,          5           ,    '2022/1/30'   ),
                    (   13   ,    1        ,          6           ,    '2022/1/30'   ),
                    (   13   ,    2        ,          5           ,    '2022/1/30'   ),

                    (   1    ,    1        ,          1           ,    '2022/1/31'   ), 
                    (   2    ,    1        ,          2           ,    '2022/1/31'   ),
                    (   3    ,    1        ,          3           ,    '2022/1/31'   ),
                    (   4    ,    2        ,          1           ,    '2022/1/31'   ),
                    (   5    ,    2        ,          2           ,    '2022/1/31'   ),
                    (   6    ,    2        ,          3           ,    '2022/1/31'   ),
                    (   7    ,    3        ,          1           ,    '2022/1/31'   ),
                    (   8    ,    3        ,          2           ,    '2022/1/31'   ),
                    (   9    ,    4        ,          1           ,    '2022/1/31'   ),
                    (   9    ,    4        ,          3           ,    '2022/1/31'   ),
                    (   9    ,    4        ,          5           ,    '2022/1/31'   ),
                    (   9    ,    4        ,          7           ,    '2022/1/31'   ),
                    (   10   ,    5        ,          5           ,    '2022/1/31'   ),
                    (   10   ,    5        ,          6           ,    '2022/1/31'   ),
                    (   11   ,    6        ,          5           ,    '2022/1/31'   ),
                    (   11   ,    6        ,          6           ,    '2022/1/31'   ),
                    (   12   ,    7        ,          6           ,    '2022/1/31'   ),
                    (   12   ,    7        ,          7           ,    '2022/1/31'   ),
                    (   13   ,    1        ,          5           ,    '2022/1/31'   ),
                    (   13   ,    1        ,          6           ,    '2022/1/31'   ),
                    (   13   ,    2        ,          5           ,    '2022/1/31'   ),

                    (   1    ,    1        ,          1           ,    '2022/2/1'   ), 
                    (   2    ,    1        ,          2           ,    '2022/2/1'   ),
                    (   3    ,    1        ,          3           ,    '2022/2/1'   ),
                    (   4    ,    2        ,          1           ,    '2022/2/1'   ),
                    (   5    ,    2        ,          2           ,    '2022/2/1'   ),
                    (   6    ,    2        ,          3           ,    '2022/2/1'   ),
                    (   7    ,    3        ,          1           ,    '2022/2/1'   ),
                    (   8    ,    3        ,          2           ,    '2022/2/1'   ),
                    (   9    ,    4        ,          1           ,    '2022/2/1'   ),
                    (   9    ,    4        ,          3           ,    '2022/2/1'   ),
                    (   9    ,    4        ,          5           ,    '2022/2/1'   ),
                    (   9    ,    4        ,          7           ,    '2022/2/1'   ),
                    (   10   ,    5        ,          5           ,    '2022/2/1'   ),
                    (   10   ,    5        ,          6           ,    '2022/2/1'   ),
                    (   11   ,    6        ,          5           ,    '2022/2/1'   ),
                    (   11   ,    6        ,          6           ,    '2022/2/1'   ),
                    (   12   ,    7        ,          6           ,    '2022/2/1'   ),
                    (   12   ,    7        ,          7           ,    '2022/2/1'   ),
                    (   13   ,    1        ,          5           ,    '2022/2/1'   ),
                    (   13   ,    1        ,          6           ,    '2022/2/1'   ),
                    (   13   ,    2        ,          5           ,    '2022/2/1'   ),

                    (   2    ,    1        ,          2           ,    '2022/2/2'   ),
                    (   3    ,    1        ,          3           ,    '2022/2/2'   ),
                    (   4    ,    2        ,          1           ,    '2022/2/2'   ),
                    (   5    ,    2        ,          2           ,    '2022/2/2'   ),
                    (   6    ,    2        ,          3           ,    '2022/2/2'   ),
                    (   7    ,    3        ,          1           ,    '2022/2/2'   ),
                    (   8    ,    3        ,          2           ,    '2022/2/2'   ),
                    (   9    ,    4        ,          1           ,    '2022/2/2'   ),
                    (   9    ,    4        ,          3           ,    '2022/2/2'   ),
                    (   9    ,    4        ,          5           ,    '2022/2/2'   ),
                    (   9    ,    4        ,          7           ,    '2022/2/2'   ),
                    (   10   ,    5        ,          5           ,    '2022/2/2'   ),
                    (   10   ,    5        ,          6           ,    '2022/2/2'   ),
                    (   11   ,    6        ,          5           ,    '2022/2/2'   ),
                    (   11   ,    6        ,          6           ,    '2022/2/2'   ),
                    (   12   ,    7        ,          6           ,    '2022/2/2'   ),
                    (   12   ,    7        ,          7           ,    '2022/2/2'   ),
                    (   13   ,    1        ,          5           ,    '2022/2/2'   ),
                    (   13   ,    1        ,          6           ,    '2022/2/2'   ),
                    (   13   ,    2        ,          4           ,    '2022/2/2'   ),
                    (   14   ,    2        ,          5           ,    '2022/2/2'   ),
                    (   14   ,    2        ,          6           ,    '2022/2/2'   ),

                    (   2    ,    1        ,          2           ,    '2022/2/3'   ),
                    (   3    ,    1        ,          3           ,    '2022/2/3'   ),
                    (   4    ,    2        ,          1           ,    '2022/2/3'   ),
                    (   5    ,    2        ,          2           ,    '2022/2/3'   ),
                    (   6    ,    2        ,          3           ,    '2022/2/3'   ),
                    (   7    ,    3        ,          1           ,    '2022/2/3'   ),
                    (   8    ,    3        ,          2           ,    '2022/2/3'   ),
                    (   9    ,    4        ,          1           ,    '2022/2/3'   ),
                    (   9    ,    4        ,          3           ,    '2022/2/3'   ),
                    (   9    ,    4        ,          5           ,    '2022/2/3'   ),
                    (   9    ,    4        ,          7           ,    '2022/2/3'   ),
                    (   10   ,    5        ,          5           ,    '2022/2/3'   ),
                    (   10   ,    5        ,          6           ,    '2022/2/3'   ),
                    (   11   ,    6        ,          5           ,    '2022/2/3'   ),
                    (   11   ,    6        ,          6           ,    '2022/2/3'   ),
                    (   12   ,    7        ,          6           ,    '2022/2/3'   ),
                    (   12   ,    7        ,          7           ,    '2022/2/3'   ),
                    (   13   ,    1        ,          5           ,    '2022/2/3'   ),
                    (   13   ,    1        ,          6           ,    '2022/2/3'   ),
                    (   13   ,    2        ,          4           ,    '2022/2/3'   ),
                    (   14   ,    2        ,          5           ,    '2022/2/3'   ),
                    (   14   ,    2        ,          6           ,    '2022/2/3'   ),

                    (   2    ,    1        ,          2           ,    '2022/2/4'   ),
                    (   3    ,    1        ,          3           ,    '2022/2/4'   ),
                    (   4    ,    2        ,          1           ,    '2022/2/4'   ),
                    (   5    ,    2        ,          2           ,    '2022/2/4'   ),
                    (   6    ,    2        ,          3           ,    '2022/2/4'   ),
                    (   7    ,    3        ,          1           ,    '2022/2/4'   ),
                    (   8    ,    3        ,          2           ,    '2022/2/4'   ),
                    (   9    ,    4        ,          1           ,    '2022/2/4'   ),
                    (   9    ,    4        ,          3           ,    '2022/2/4'   ),
                    (   9    ,    4        ,          5           ,    '2022/2/4'   ),
                    (   9    ,    4        ,          7           ,    '2022/2/4'   ),
                    (   10   ,    5        ,          5           ,    '2022/2/4'   ),
                    (   10   ,    5        ,          6           ,    '2022/2/4'   ),
                    (   11   ,    6        ,          5           ,    '2022/2/4'   ),
                    (   11   ,    6        ,          6           ,    '2022/2/4'   ),
                    (   12   ,    7        ,          6           ,    '2022/2/4'   ),
                    (   12   ,    7        ,          7           ,    '2022/2/4'   ),
                    (   13   ,    1        ,          5           ,    '2022/2/4'   ),
                    (   13   ,    1        ,          6           ,    '2022/2/4'   ),
                    (   13   ,    2        ,          4           ,    '2022/2/4'   ),
                    (   14   ,    2        ,          5           ,    '2022/2/4'   ),
                    (   14   ,    2        ,          6           ,    '2022/2/4'   ),

                    (   2    ,    1        ,          2           ,    '2022/2/5'   ),
                    (   3    ,    1        ,          3           ,    '2022/2/5'   ),
                    (   4    ,    2        ,          1           ,    '2022/2/5'   ),
                    (   5    ,    2        ,          2           ,    '2022/2/5'   ),
                    (   6    ,    2        ,          3           ,    '2022/2/5'   ),
                    (   7    ,    3        ,          1           ,    '2022/2/5'   ),
                    (   8    ,    3        ,          2           ,    '2022/2/5'   ),
                    (   9    ,    4        ,          1           ,    '2022/2/5'   ),
                    (   9    ,    4        ,          3           ,    '2022/2/5'   ),
                    (   9    ,    4        ,          5           ,    '2022/2/5'   ),
                    (   9    ,    4        ,          7           ,    '2022/2/5'   ),
                    (   10   ,    5        ,          5           ,    '2022/2/5'   ),
                    (   10   ,    5        ,          6           ,    '2022/2/5'   ),
                    (   11   ,    6        ,          5           ,    '2022/2/5'   ),
                    (   11   ,    6        ,          6           ,    '2022/2/5'   ),
                    (   12   ,    7        ,          6           ,    '2022/2/5'   ),
                    (   12   ,    7        ,          7           ,    '2022/2/5'   ),
                    (   13   ,    1        ,          5           ,    '2022/2/5'   ),
                    (   13   ,    1        ,          6           ,    '2022/2/5'   ),
                    (   13   ,    2        ,          4           ,    '2022/2/5'   ),
                    (   14   ,    2        ,          5           ,    '2022/2/5'   ),
                    (   14   ,    2        ,          6           ,    '2022/2/5'   ),

                    (   2    ,    1        ,          2           ,    '2022/2/6'   ),
                    (   3    ,    1        ,          3           ,    '2022/2/6'   ),
                    (   4    ,    2        ,          1           ,    '2022/2/6'   ),
                    (   5    ,    2        ,          2           ,    '2022/2/6'   ),
                    (   6    ,    2        ,          3           ,    '2022/2/6'   ),
                    (   7    ,    3        ,          1           ,    '2022/2/6'   ),
                    (   8    ,    3        ,          2           ,    '2022/2/6'   ),
                    (   9    ,    4        ,          1           ,    '2022/2/6'   ),
                    (   9    ,    4        ,          3           ,    '2022/2/6'   ),
                    (   9    ,    4        ,          5           ,    '2022/2/6'   ),
                    (   9    ,    4        ,          7           ,    '2022/2/6'   ),
                    (   10   ,    5        ,          5           ,    '2022/2/6'   ),
                    (   10   ,    5        ,          6           ,    '2022/2/6'   ),
                    (   11   ,    6        ,          5           ,    '2022/2/6'   ),
                    (   11   ,    6        ,          6           ,    '2022/2/6'   ),
                    (   12   ,    7        ,          6           ,    '2022/2/6'   ),
                    (   12   ,    7        ,          7           ,    '2022/2/6'   ),
                    (   13   ,    1        ,          5           ,    '2022/2/6'   ),
                    (   13   ,    1        ,          6           ,    '2022/2/6'   ),
                    (   13   ,    2        ,          4           ,    '2022/2/6'   ),
                    (   14   ,    2        ,          5           ,    '2022/2/6'   ),
                    (   14   ,    2        ,          6           ,    '2022/2/6'   ),

                    (   2    ,    1        ,          2           ,    '2022/2/7'   ),
                    (   3    ,    1        ,          3           ,    '2022/2/7'   ),
                    (   4    ,    2        ,          1           ,    '2022/2/7'   ),
                    (   5    ,    2        ,          2           ,    '2022/2/7'   ),
                    (   6    ,    2        ,          3           ,    '2022/2/7'   ),
                    (   7    ,    3        ,          1           ,    '2022/2/7'   ),
                    (   8    ,    3        ,          2           ,    '2022/2/7'   ),
                    (   9    ,    4        ,          1           ,    '2022/2/7'   ),
                    (   9    ,    4        ,          3           ,    '2022/2/7'   ),
                    (   9    ,    4        ,          5           ,    '2022/2/7'   ),
                    (   9    ,    4        ,          7           ,    '2022/2/7'   ),
                    (   10   ,    5        ,          5           ,    '2022/2/7'   ),
                    (   10   ,    5        ,          6           ,    '2022/2/7'   ),
                    (   11   ,    6        ,          5           ,    '2022/2/7'   ),
                    (   11   ,    6        ,          6           ,    '2022/2/7'   ),
                    (   12   ,    7        ,          6           ,    '2022/2/7'   ),
                    (   12   ,    7        ,          7           ,    '2022/2/7'   ),
                    (   13   ,    1        ,          5           ,    '2022/2/7'   ),
                    (   13   ,    1        ,          6           ,    '2022/2/7'   ),
                    (   13   ,    2        ,          4           ,    '2022/2/7'   ),
                    (   14   ,    2        ,          5           ,    '2022/2/7'   ),
                    (   14   ,    2        ,          6           ,    '2022/2/7'   ),

                    (   2    ,    1        ,          2           ,    '2022/2/8'   ),
                    (   3    ,    1        ,          3           ,    '2022/2/8'   ),
                    (   4    ,    2        ,          1           ,    '2022/2/8'   ),
                    (   5    ,    2        ,          2           ,    '2022/2/8'   ),
                    (   6    ,    2        ,          3           ,    '2022/2/8'   ),
                    (   7    ,    3        ,          1           ,    '2022/2/8'   ),
                    (   8    ,    3        ,          2           ,    '2022/2/8'   ),
                    (   9    ,    4        ,          1           ,    '2022/2/8'   ),
                    (   9    ,    4        ,          3           ,    '2022/2/8'   ),
                    (   9    ,    4        ,          5           ,    '2022/2/8'   ),
                    (   9    ,    4        ,          7           ,    '2022/2/8'   ),
                    (   10   ,    5        ,          5           ,    '2022/2/8'   ),
                    (   10   ,    5        ,          6           ,    '2022/2/8'   ),
                    (   11   ,    6        ,          5           ,    '2022/2/8'   ),
                    (   11   ,    6        ,          6           ,    '2022/2/8'   ),
                    (   12   ,    7        ,          6           ,    '2022/2/8'   ),
                    (   12   ,    7        ,          7           ,    '2022/2/8'   ),
                    (   13   ,    1        ,          5           ,    '2022/2/8'   ),
                    (   13   ,    1        ,          6           ,    '2022/2/8'   ),
                    (   13   ,    2        ,          4           ,    '2022/2/8'   ),
                    (   14   ,    2        ,          5           ,    '2022/2/8'   ),
                    (   14   ,    2        ,          6           ,    '2022/2/8'   ),

                    (   2    ,    1        ,          2           ,    '2022/2/9'   ),
                    (   3    ,    1        ,          3           ,    '2022/2/9'   ),
                    (   4    ,    2        ,          1           ,    '2022/2/9'   ),
                    (   5    ,    2        ,          2           ,    '2022/2/9'   ),
                    (   6    ,    2        ,          3           ,    '2022/2/9'   ),
                    (   7    ,    3        ,          1           ,    '2022/2/9'   ),
                    (   8    ,    3        ,          2           ,    '2022/2/9'   ),
                    (   9    ,    4        ,          1           ,    '2022/2/9'   ),
                    (   9    ,    4        ,          3           ,    '2022/2/9'   ),
                    (   9    ,    4        ,          5           ,    '2022/2/9'   ),
                    (   9    ,    4        ,          7           ,    '2022/2/9'   ),
                    (   10   ,    5        ,          5           ,    '2022/2/9'   ),
                    (   10   ,    5        ,          6           ,    '2022/2/9'   ),
                    (   11   ,    6        ,          5           ,    '2022/2/9'   ),
                    (   11   ,    6        ,          6           ,    '2022/2/9'   ),
                    (   12   ,    7        ,          6           ,    '2022/2/9'   ),
                    (   12   ,    7        ,          7           ,    '2022/2/9'   ),
                    (   13   ,    1        ,          5           ,    '2022/2/9'   ),
                    (   13   ,    1        ,          6           ,    '2022/2/9'   ),
                    (   13   ,    2        ,          4           ,    '2022/2/9'   ),
                    (   14   ,    2        ,          5           ,    '2022/2/9'   ),
                    (   14   ,    2        ,          6           ,    '2022/2/9'   ),

                    (   2    ,    1        ,          2           ,    '2022/2/10'   ),
                    (   3    ,    1        ,          3           ,    '2022/2/10'   ),
                    (   4    ,    2        ,          1           ,    '2022/2/10'   ),
                    (   5    ,    2        ,          2           ,    '2022/2/10'   ),
                    (   6    ,    2        ,          3           ,    '2022/2/10'   ),
                    (   7    ,    3        ,          1           ,    '2022/2/10'   ),
                    (   8    ,    3        ,          2           ,    '2022/2/10'   ),
                    (   9    ,    4        ,          1           ,    '2022/2/10'   ),
                    (   9    ,    4        ,          3           ,    '2022/2/10'   ),
                    (   9    ,    4        ,          5           ,    '2022/2/10'   ),
                    (   9    ,    4        ,          7           ,    '2022/2/10'   ),
                    (   10   ,    5        ,          5           ,    '2022/2/10'   ),
                    (   10   ,    5        ,          6           ,    '2022/2/10'   ),
                    (   11   ,    6        ,          5           ,    '2022/2/10'   ),
                    (   11   ,    6        ,          6           ,    '2022/2/10'   ),
                    (   12   ,    7        ,          6           ,    '2022/2/10'   ),
                    (   12   ,    7        ,          7           ,    '2022/2/10'   ),
                    (   13   ,    1        ,          5           ,    '2022/2/10'   ),
                    (   13   ,    1        ,          6           ,    '2022/2/10'   ),
                    (   13   ,    2        ,          4           ,    '2022/2/10'   ),
                    (   14   ,    2        ,          5           ,    '2022/2/10'   ),
                    (   14   ,    2        ,          6           ,    '2022/2/10'   ),

                    (   2    ,    1        ,          2           ,    '2022/2/11'   ),
                    (   3    ,    1        ,          3           ,    '2022/2/11'   ),
                    (   4    ,    2        ,          1           ,    '2022/2/11'   ),
                    (   5    ,    2        ,          2           ,    '2022/2/11'   ),
                    (   6    ,    2        ,          3           ,    '2022/2/11'   ),
                    (   7    ,    3        ,          1           ,    '2022/2/11'   ),
                    (   8    ,    3        ,          2           ,    '2022/2/11'   ),
                    (   9    ,    4        ,          1           ,    '2022/2/11'   ),
                    (   9    ,    4        ,          3           ,    '2022/2/11'   ),
                    (   9    ,    4        ,          5           ,    '2022/2/11'   ),
                    (   9    ,    4        ,          7           ,    '2022/2/11'   ),
                    (   10   ,    5        ,          5           ,    '2022/2/11'   ),
                    (   10   ,    5        ,          6           ,    '2022/2/11'   ),
                    (   11   ,    6        ,          5           ,    '2022/2/11'   ),
                    (   11   ,    6        ,          6           ,    '2022/2/11'   ),
                    (   12   ,    7        ,          6           ,    '2022/2/11'   ),
                    (   12   ,    7        ,          7           ,    '2022/2/11'   ),
                    (   13   ,    1        ,          5           ,    '2022/2/11'   ),
                    (   13   ,    1        ,          6           ,    '2022/2/11'   ),
                    (   13   ,    2        ,          4           ,    '2022/2/11'   ),
                    (   14   ,    2        ,          5           ,    '2022/2/11'   ),
                    (   14   ,    2        ,          6           ,    '2022/2/11'   ),

                    (   2    ,    1        ,          2           ,    '2022/2/12'   ),
                    (   3    ,    1        ,          3           ,    '2022/2/12'   ),
                    (   4    ,    2        ,          1           ,    '2022/2/12'   ),
                    (   5    ,    2        ,          2           ,    '2022/2/12'   ),
                    (   6    ,    2        ,          3           ,    '2022/2/12'   ),
                    (   7    ,    3        ,          1           ,    '2022/2/12'   ),
                    (   8    ,    3        ,          2           ,    '2022/2/12'   ),
                    (   9    ,    4        ,          1           ,    '2022/2/12'   ),
                    (   9    ,    4        ,          3           ,    '2022/2/12'   ),
                    (   9    ,    4        ,          5           ,    '2022/2/12'   ),
                    (   9    ,    4        ,          7           ,    '2022/2/12'   ),
                    (   10   ,    5        ,          5           ,    '2022/2/12'   ),
                    (   10   ,    5        ,          6           ,    '2022/2/12'   ),
                    (   11   ,    6        ,          5           ,    '2022/2/12'   ),
                    (   11   ,    6        ,          6           ,    '2022/2/12'   ),
                    (   12   ,    7        ,          6           ,    '2022/2/12'   ),
                    (   12   ,    7        ,          7           ,    '2022/2/12'   ),
                    (   13   ,    1        ,          5           ,    '2022/2/12'   ),
                    (   13   ,    1        ,          6           ,    '2022/2/12'   ),
                    (   13   ,    2        ,          4           ,    '2022/2/12'   ),
                    (   14   ,    2        ,          5           ,    '2022/2/12'   ),
                    (   14   ,    2        ,          6           ,    '2022/2/12'   ),

                    (   2    ,    1        ,          2           ,    '2022/2/13'   ),
                    (   3    ,    1        ,          3           ,    '2022/2/13'   ),
                    (   4    ,    2        ,          1           ,    '2022/2/13'   ),
                    (   5    ,    2        ,          2           ,    '2022/2/13'   ),
                    (   6    ,    2        ,          3           ,    '2022/2/13'   ),
                    (   7    ,    3        ,          1           ,    '2022/2/13'   ),
                    (   8    ,    3        ,          2           ,    '2022/2/13'   ),
                    (   9    ,    4        ,          1           ,    '2022/2/13'   ),
                    (   9    ,    4        ,          3           ,    '2022/2/13'   ),
                    (   9    ,    4        ,          5           ,    '2022/2/13'   ),
                    (   9    ,    4        ,          7           ,    '2022/2/13'   ),
                    (   10   ,    5        ,          5           ,    '2022/2/13'   ),
                    (   10   ,    5        ,          6           ,    '2022/2/13'   ),
                    (   11   ,    6        ,          5           ,    '2022/2/13'   ),
                    (   11   ,    6        ,          6           ,    '2022/2/13'   ),
                    (   12   ,    7        ,          6           ,    '2022/2/13'   ),
                    (   12   ,    7        ,          7           ,    '2022/2/13'   ),
                    (   13   ,    1        ,          5           ,    '2022/2/13'   ),
                    (   13   ,    1        ,          6           ,    '2022/2/13'   ),
                    (   13   ,    2        ,          4           ,    '2022/2/13'   ),
                    (   14   ,    2        ,          5           ,    '2022/2/13'   ),
                    (   14   ,    2        ,          6           ,    '2022/2/13'   ),

                    (   2    ,    1        ,          2           ,    '2022/2/14'   ),
                    (   3    ,    1        ,          3           ,    '2022/2/14'   ),
                    (   4    ,    2        ,          1           ,    '2022/2/14'   ),
                    (   5    ,    2        ,          2           ,    '2022/2/14'   ),
                    (   6    ,    2        ,          3           ,    '2022/2/14'   ),
                    (   7    ,    3        ,          1           ,    '2022/2/14'   ),
                    (   8    ,    3        ,          2           ,    '2022/2/14'   ),
                    (   9    ,    4        ,          1           ,    '2022/2/14'   ),
                    (   9    ,    4        ,          3           ,    '2022/2/14'   ),
                    (   9    ,    4        ,          5           ,    '2022/2/14'   ),
                    (   9    ,    4        ,          7           ,    '2022/2/14'   ),
                    (   10   ,    5        ,          5           ,    '2022/2/14'   ),
                    (   10   ,    5        ,          6           ,    '2022/2/14'   ),
                    (   11   ,    6        ,          5           ,    '2022/2/14'   ),
                    (   11   ,    6        ,          6           ,    '2022/2/14'   ),
                    (   12   ,    7        ,          6           ,    '2022/2/14'   ),
                    (   12   ,    7        ,          7           ,    '2022/2/14'   ),
                    (   13   ,    1        ,          5           ,    '2022/2/14'   ),
                    (   13   ,    1        ,          6           ,    '2022/2/14'   ),
                    (   13   ,    2        ,          4           ,    '2022/2/14'   ),
                    (   14   ,    2        ,          5           ,    '2022/2/14'   ),
                    (   14   ,    2        ,          6           ,    '2022/2/14'   ),

                    (   2    ,    1        ,          2           ,    '2022/2/15'   ),
                    (   3    ,    1        ,          3           ,    '2022/2/15'   ),
                    (   4    ,    2        ,          1           ,    '2022/2/15'   ),
                    (   5    ,    2        ,          2           ,    '2022/2/15'   ),
                    (   6    ,    2        ,          3           ,    '2022/2/15'   ),
                    (   7    ,    3        ,          1           ,    '2022/2/15'   ),
                    (   8    ,    3        ,          2           ,    '2022/2/15'   ),
                    (   9    ,    4        ,          1           ,    '2022/2/15'   ),
                    (   9    ,    4        ,          3           ,    '2022/2/15'   ),
                    (   9    ,    4        ,          5           ,    '2022/2/15'   ),
                    (   9    ,    4        ,          7           ,    '2022/2/15'   ),
                    (   10   ,    5        ,          5           ,    '2022/2/15'   ),
                    (   10   ,    5        ,          6           ,    '2022/2/15'   ),
                    (   11   ,    6        ,          5           ,    '2022/2/15'   ),
                    (   11   ,    6        ,          6           ,    '2022/2/15'   ),
                    (   12   ,    7        ,          6           ,    '2022/2/15'   ),
                    (   12   ,    7        ,          7           ,    '2022/2/15'   ),
                    (   13   ,    1        ,          5           ,    '2022/2/15'   ),
                    (   13   ,    1        ,          6           ,    '2022/2/15'   ),
                    (   13   ,    2        ,          4           ,    '2022/2/15'   ),
                    (   14   ,    2        ,          5           ,    '2022/2/15'   ),
                    (   14   ,    2        ,          6           ,    '2022/2/15'   ),

                    (   2    ,    1        ,          2           ,    '2022/2/16'   ),
                    (   3    ,    1        ,          3           ,    '2022/2/16'   ),
                    (   4    ,    2        ,          1           ,    '2022/2/16'   ),
                    (   5    ,    2        ,          2           ,    '2022/2/16'   ),
                    (   6    ,    2        ,          3           ,    '2022/2/16'   ),
                    (   7    ,    3        ,          1           ,    '2022/2/16'   ),
                    (   8    ,    3        ,          2           ,    '2022/2/16'   ),
                    (   9    ,    4        ,          1           ,    '2022/2/16'   ),
                    (   9    ,    4        ,          3           ,    '2022/2/16'   ),
                    (   9    ,    4        ,          5           ,    '2022/2/16'   ),
                    (   9    ,    4        ,          7           ,    '2022/2/16'   ),
                    (   10   ,    5        ,          5           ,    '2022/2/16'   ),
                    (   10   ,    5        ,          6           ,    '2022/2/16'   ),
                    (   11   ,    6        ,          5           ,    '2022/2/16'   ),
                    (   11   ,    6        ,          6           ,    '2022/2/16'   ),
                    (   12   ,    7        ,          6           ,    '2022/2/16'   ),
                    (   12   ,    7        ,          7           ,    '2022/2/16'   ),
                    (   13   ,    1        ,          5           ,    '2022/2/16'   ),
                    (   13   ,    1        ,          6           ,    '2022/2/16'   ),
                    (   13   ,    2        ,          4           ,    '2022/2/16'   ),
                    (   14   ,    2        ,          5           ,    '2022/2/16'   ),
                    (   14   ,    2        ,          6           ,    '2022/2/16'   ),

                    (   2    ,    1        ,          2           ,    '2022/2/17'   ),
                    (   3    ,    1        ,          3           ,    '2022/2/17'   ),
                    (   4    ,    2        ,          1           ,    '2022/2/17'   ),
                    (   5    ,    2        ,          2           ,    '2022/2/17'   ),
                    (   6    ,    2        ,          3           ,    '2022/2/17'   ),
                    (   7    ,    3        ,          1           ,    '2022/2/17'   ),
                    (   8    ,    3        ,          2           ,    '2022/2/17'   ),
                    (   9    ,    4        ,          1           ,    '2022/2/17'   ),
                    (   9    ,    4        ,          3           ,    '2022/2/17'   ),
                    (   9    ,    4        ,          5           ,    '2022/2/17'   ),
                    (   9    ,    4        ,          7           ,    '2022/2/17'   ),
                    (   10   ,    5        ,          5           ,    '2022/2/17'   ),
                    (   10   ,    5        ,          6           ,    '2022/2/17'   ),
                    (   11   ,    6        ,          5           ,    '2022/2/17'   ),
                    (   11   ,    6        ,          6           ,    '2022/2/17'   ),
                    (   12   ,    7        ,          6           ,    '2022/2/17'   ),
                    (   12   ,    7        ,          7           ,    '2022/2/17'   ),
                    (   13   ,    1        ,          5           ,    '2022/2/17'   ),
                    (   13   ,    1        ,          6           ,    '2022/2/17'   ),
                    (   13   ,    2        ,          4           ,    '2022/2/17'   ),
                    (   14   ,    2        ,          5           ,    '2022/2/17'   ),
                    (   14   ,    2        ,          6           ,    '2022/2/17'   );
